Workbook

Sheet Evaluación SyP
C1: Evaluación de Competencias SyP Línea de Mando | D1: Nombre | E1: Pepe Pérez | F1: Línea de Mando
D2: Puesto | E2: Jefe de Turno | F2: Centro
D3: Dpto/Área | E3: Operaciones | F3: 22
D4: Evaluador | E4: Ada Fanjul | F4: UAP
D5: Fecha de Eval. | E5: 45597 | F5: Mto1
D6: Antigüedad puesto (años) | E6: 5
A8: NIVEL | B8: PILARES | C8: EXPECTATIVAS | D8: Criterios de Evaluación | E8: Items de Evaluación | F8: Respuestas
A9: 01 Inicial | B9: Contratas | C9: Conoce y explica a su equipo las obligaciones y procedimientos de SyP aplicables al personal de contrata. (Existencia de requisitos de acceso, posible deshomologación en caso de incumpliento en SyP, criterios para la realización de SOLPED en caso de tener autorización para realizarlas etc) | D9: Subjetivos | E9: ¿Cuáles son los criterios de deshomologación de contratas? | F9: Alcanzado
A10: 01 Inicial | B10: Contratas | D10: Subjetivos | E10: En caso necesario, ¿cómo compruebas si un trabajador/empresa está autorizada para acceder al centro y/o para un trabajo concreto? | F10: Alcanzado
A11: 01 Inicial | B11: Contratas | D11: Subjetivos | E11: ¿Conoces clasificación de contratas según trabajos? | F11: Alcanzado
A12: 01 Inicial | B12: Contratas | D12: Objetivos | E12: Seleccionar 3 personas de la UAP y comprobar conocimiento sobre procedimientos de contratas | F12: Alcanzado
A13: 02 Básico | B13: Contratas | C13: Conoce y explica a su equipo las obligaciones y procedimientos de SyP aplicables al personal de contrata. Explica e insta a su equipo para que las SOLPED realizadas en su UAP clasifiquen correctamente el tipo de trabajo y los requisitos de SyP. Valida los documentos de gestión preventiva y/o da el soporte necesario a la contrata para que incluya las medidas necesarias. | D13: Subjetivos | E13: ¿Qué documentos apruebas tu, en la gestión de contratas? | F13: Alcanzado
A14: 02 Básico | B14: Contratas | D14: Objetivos | E14: Seleccionar aleatoriamente 3 SOLPED y comprobar clasificación según trabajos y requisitos de seguridad | F14: Alcanzado
A15: 03 Avanzado | B15: Contratas | C15: Conoce y explica a su equipo y las contratas las obligaciones y procedimientos de SyP aplicables. Una vez autorizado el acceso y antes de empezar a trabajar dedica el tiempo necesario con el encargado de la contrata para incluir su contacto en el panel, visitar la zona, planificar tareas, permisos de trabajo y bloqueo y revisar si es necesario modificar algún riesgo o medida preventiva en el documento de gestión preventiva. Durante la ejecución de los trabajos, mantiene conversaciones puntuales con el personal de contrata si se produce un cambio y/o para dar soporte o facilitar instrucciones relativas al correcto uso de EPIS, señalización de la zona, condiciones de orden y limpieza en los tajos etc. | D15: Subjetivos | E15: ¿Qué haces cuando llega una contrata al centro por 1ª vez? | F15: Alcanzado
A16: 03 Avanzado | B16: Contratas | D16: Subjetivos | E16: Respecto al panel de contratas ¿Dónde está, qué información tiene y cuándo lo actualizas? | F16: Alcanzado
A17: 03 Avanzado | B17: Contratas | D17: Subjetivos | E17: ¿Cómo planificas los trabajos y el seguimiento de las contratas en tu UAP | F17: Alcanzado
A18: 03 Avanzado | B18: Contratas | D18: Objetivos | E18: Visitar el panel y comprobar si está ok con las contratas de esta UAP | F18: Alcanzado
A19: 03 Avanzado | B19: Contratas | D19: Objetivos | E19: Selecciona aleatoriamente 2 Permisos/Bloqueos de esta UAP en los que participen contratas (contrasta el permiso/bloqueo con la situacion en campo. Por ej. recurso preventivo en campo, ejecutores informados por autorizante/supervisor etc) | F19: Alcanzado
A20: 03 Avanzado | B20: Contratas | D20: Objetivos | E20: Todos los trabajos de contratas completados están finalizados en la App | F20: Alcanzado
A21: 04 Experto | B21: Contratas | C21: Conoce y explica a su equipo y las contratas las obligaciones y procedimientos de SyP aplicables. Antes de empezar a trabajar dedica un tiempo con el encargado de la contrata para incluir su contacto en el panel, visitar la zona, planificar tareas, permisos de trabajo y bloqueo y revisar conjuntamente si es necesario modificar algún riesgo o medida preventiva en el documento de gestión preventiva. Lidera la supervisión diaria de contratas, manteniendo conversaciones de seguridad de manera habitual, instando a su equipo a que también lo haga y fomentando que las contratas comuniquen cualquier duda, situación de riesgo detectada o idea de mejora. Participa de manera activa en las reuniones CAE, comunicando observaciones positivas, incidencias y aspectos a tener cuenta durante la próxima semana. | D21: Subjetivos | E21: ¿Qué dinámicas/herramientas/buenas prácticas, has implementado con contratas (fuera de lo que son obligaciones para la Linea de mando)? | F21: No Alcanzado
A22: 04 Experto | B22: Contratas | D22: Subjetivos | E22: Identifica 3 aspectos positivos /ideas de mejora que hayan surgido de las conversaciones de seguridad habituales mantenidas con tus contratas | F22: No Alcanzado
A23: 04 Experto | B23: Contratas | D23: Objetivos | E23: Seleccionar a un trabajador de contrata y comprobar que han existido conversaciones de seguridad, (el Rble UAP le ha preguntado por qué ejecuta la tarea de esta forma, conoce los riesgos y la consecuencias de lo que hace, conoce como notificar un riesgo o una idea de mejora o le han reconocido por su comportamiento seguro) | F23: No Alcanzado
A24: 04 Experto | B24: Contratas | D24: Objetivos | E24: Existen NR puestas por contratas que están trabajando en la UAP y son conocidas por el RUAP | F24: No Alcanzado
A25: 01 Inicial | B25: Estrategia | C25: Conoce e informa con cierta regularidad sobre los proyectos clave y los objetivos de SyP (Desempeño Preventivo) establecidos para su UAP/UiT/Departamento | D25: Subjetivos | E25: ¿Cuáles son los Proyectos Clave de Salud y Prevención? | F25: Alcanzado
A26: 01 Inicial | B26: Estrategia | D26: Subjetivos | E26: Enumera alguno de los KPIs asociados a cada Proyecto Clave | F26: Alcanzado
A27: 01 Inicial | B27: Estrategia | D27: Objetivos | E27: Puntuación del Traspaso de Inform. Visión 360º | F27: No Alcanzado
A28: 02 Básico | B28: Estrategia | C28: Planifica distiribuyendo tareas concretas a todo el personal de su UAP (incluido él) de forma que todos ellos participen en la consecución de los Proyectos Clave y del Desempeño Preventivo | D28: Subjetivos | E28: ¿Qué tipo de tareas planificas? | F28: Parcialmente Alcanzado
A29: 02 Básico | B29: Estrategia | D29: Subjetivos | E29: ¿Cómo planificas y haces seguimiento de esas tareas? | F29: Alcanzado
A30: 02 Básico | B30: Estrategia | D30: Objetivos | E30: Explicar/Mostrar la planificación con las tareas concretas asignadas a cada miembro de la UAP, incluido el R.UAP | F30: Alcanzado
A31: 03 Avanzado | B31: Estrategia | C31: Da visibilidad e integra la implantación de la Estrategia de SyP de manera continua, incorporando en su agenda acciones como compartir información sobre objetivos e indicadores de SyP, haciendo seguimiento de los objetivos asignados a su equipo, liderando las reuniones con contratas, planificando e implantado acciones correctoras en su UAP, asegurando el uso de permisos de trabajo, fichas LOTO y procedimientos de tarea y participando en los programas de bienestar. | D31: Subjetivos | E31: ¿Qué acciones llevas a cabo en tu UAP para dar visibilidad a la Estrategia? | F31: Alcanzado
A32: 03 Avanzado | B32: Estrategia | D32: Objetivos | E32: Resultado del Desempeño Preventivo del mes anterior al menos de 6.5 | F32: Alcanzado
A33: 04 Experto | B33: Estrategia | C33: Crea sinergias con otras UAPs para alcanzar el Desempeño Preventivo Excelente para el centro. Participa activamente en el diseño de los programas de desarrollo de la Estrategia en SyP Comparte y comunica el impacto de los programas de los proyectos clave, mas allá del resultado del KPI | D33: Subjetivos | E33: Cómo has colaborado con otras UAPs para llegar a un Desempeño Preventivo excelente | F33: Alcanzado
A34: 04 Experto | B34: Estrategia | D34: Subjetivos | E34: ¿Qué propuestas has enviado a SyP para la Estrategia del próximo ejercicio? | F34: Alcanzado
A35: 04 Experto | B35: Estrategia | D35: Objetivos | E35: Estar en nivel Excelente del Desempeño Preventivo y disponer de al menos 2 KPIs en niveles superiores al 100% | F35: Alcanzado
A36: 01 Inicial | B36: Gestión de Riesgos (Plan Acción, estándares ) | C36: Explica con facilidad cuáles son los riesgos críticos de negocio, los procedimientos/mecanismos de control (ATEX, trabajos en altura, ruido, ...) y las acciones prioritarias del Plan de Acción de su UAP/UiT/Departamento. | D36: Subjetivos | E36: Enumera alguno de los Riesgos Críticos y principales medidas de control | F36: Alcanzado
A37: 01 Inicial | B37: Gestión de Riesgos (Plan Acción, estándares ) | D37: Objetivos | E37: Seleccionar 3 personas de la UAP y comprobar conocimiento sobre las medidas de control de riesgos críticos | F37: Alcanzado
A38: 02 Básico | B38: Gestión de Riesgos (Plan Acción, estándares ) | C38: Tiene predisposición para informar y mantener conversaciones de manera habitual con otros sobre riesgos críticos de negocio y los procedimientos/mecanismos de control. Conoce en detalle las acciones de SyP en su UAP/UiT/Departamento y las comparte con su equipo, promoviendo su resolución a través de los CAPEX de fábrica y/ la bolsa de notificaciones. | D38: Subjetivos | E38: ¿Cuáles son las acciones prioritarias (I-II) pendientes de tu UAP? | F38: Alcanzado
A39: 02 Básico | B39: Gestión de Riesgos (Plan Acción, estándares ) | D39: Objetivos | E39: Visualizar el plan de acción y localizar información: ¿Cuántas acciones tienes abiertas fuera de plazo (≤20%)? | F39: Alcanzado
A40: 03 Avanzado | B40: Gestión de Riesgos (Plan Acción, estándares ) | C40: Informa de manera clara y regular sobre acciones, prioridades y seguimiento del Plan de Acción de SyP. Traslada a su equipo las acciones autogestionables, incluyendo su ejecución dentro de la rutina de la UAP/UiT/Departamento e interáctua con otras áreas o departamentos para que aquellas que no puede resolver de manera interna se lleven a cabo a través de CAPEX y/o la bolsa de NR | D40: Subjetivos | E40: ¿Cómo compartes las acciones de tu UAP para impulsar su cierre? | F40: Alcanzado
A41: 03 Avanzado | B41: Gestión de Riesgos (Plan Acción, estándares ) | D41: Subjetivos | E41: ¿Cómo/con qué periodicidad planificas y haces seguimiento el cierre de acciones? | F41: Alcanzado
A42: 03 Avanzado | B42: Gestión de Riesgos (Plan Acción, estándares ) | D42: Objetivos | E42: Resultado del Desempeño Preventivo - Entorno Seguro del mes anterior al menos de 6.5 | F42: Alcanzado
A43: 04 Experto | B43: Gestión de Riesgos (Plan Acción, estándares ) | C43: Da visibilidad e influye en otros para conseguir una adecuada gestión de riesgos. Regularmente comparte con su equipo y con otros (RUAP, Dirección, Técnico SyP, otros centros...) información sobre la prioridad, avance y planificación de acciones del Plan de Acción de SyP . Traslada y planifica junto a su equipo y/o el personal en turno durante la campaña la realización de acciones autogestionables, impulsando que estas se hagan en plazo, proponiendo en su caso ideas de mejora y buscando más allá de la consecución del objetivo una cultura donde la implantación y propuesta de acciones correctoras forme parte del día a día de cualquier persona. | D43: Subjetivos | E43: ¿Cómo aseguras la resolución de acciones a lo largo de todo el año (campaña, vacaciones, desplazamientos a otro centro etc)? | F43: Alcanzado
A44: 04 Experto | B44: Gestión de Riesgos (Plan Acción, estándares ) | D44: Subjetivos | E44: Indica alguna acción/es en la que has dado soporte a otras UAPs en función de tu especialidad/conocimiento | F44: Alcanzado
A45: 04 Experto | B45: Gestión de Riesgos (Plan Acción, estándares ) | D45: Subjetivos | E45: ¿Por qué tú gestión de acciones es excelente? | F45: Alcanzado
A46: 04 Experto | B46: Gestión de Riesgos (Plan Acción, estándares ) | D46: Objetivos | E46: Estar en nivel Excelente del Desempeño Preventivo y existe una tendencia homogenea y positiva del cierre de acciones a lo largo del ejercicio (incluyendo campaña) | F46: No Alcanzado
A47: 01 Inicial | B47: Gestión de Riesgos. Gestión del día a día | C47: Conoce y recuerda a su equipo con cierta regularidad los comportamientos Clave, los procedimientos y dinámicas de SyP para la identificación y gestión de riesgos en el día a día (notificaciones de riesgos, permisos de trabajo, fichas de bloqueo, rutinas de limpieza en zonas ATEX, comprobaciones en equipos de trabajo como escaleras, eslingas, carretillas, plataformas, arneses etc) | D47: Subjetivos | E47: ¿Conoces cuáles son los Comportamientos Clave y algunas de las herramientas para identificar riesgos? (Indica algún ejemplo) | F47: Alcanzado
A48: 01 Inicial | B48: Gestión de Riesgos. Gestión del día a día | D48: Objetivos | E48: Comprobar que ha realizado NR en el último año | F48: Alcanzado
A49: 02 Básico | B49: Gestión de Riesgos. Gestión del día a día | C49: En el cambio de turno y/o a primera hora durante la intercampaña, revisa y planifica las incidencias y tareas, compartiendo y analizando con su equipo la situación de permisos y bloqueos en curso o que será necesario realizar, impulsando a través de dicho diálogo (top/cambio de turno) que dichos permisos se apliquen de manera correcta, exista una adecuada custodia de llaves y en caso necesario, se designe y todos conozcan quien es el Recurso Preventivo en la zona. | D49: Subjetivos | E49: ¿Cuáles son las preguntas mínimas (de SyP) a compartir en el cambio de turno y/o en las Tops diarias? | F49: Alcanzado
A50: 02 Básico | B50: Gestión de Riesgos. Gestión del día a día | D50: Objetivos | E50: Seleccionar un bloqueo y auditar ficha, bloqueo en campo y custodia de llaves | F50: Alcanzado
A51: 03 Avanzado | B51: Gestión de Riesgos. Gestión del día a día | C51: Revisa y planifica las incidencias y tareas y el estado/necesidad de permisos y bloqueos a diario, manteniendo un diálogo formal y trabajando con su equipo/turno para impulsar su correcta aplicación/adaptación en caso necesario. Conoce y explica los procedimientos de tarea de la UAP/UiT, promoviendo su divulgación, uso y actualización continua. A diario visita los tajos y mantiene conversaciones regulares de seguridad, generando un ambiente adecuado para que cualquier persona comunique de manera abierta una duda, situación de riesgo o idea de mejora. Facilita feedback positivo cuando observa una buena práctica y resuelve junto a la persona implicada aquellas situaciones de riesgo detectadas que pueden resolverse fácilmente (ej. un resguardo desmontado o mal fijado, limpieza de un derrame, materiales o mangueras en zonas de paso, compañero sin agarrar al pasamanos, uso de herramienta inadecuada o en mal estado etc), registrando in situ aquellas que no pueden solucionarse de inmediato. | D51: Subjetivos | E51: ¿Cuáles son las 2 ultimas conversaciones de seguridad mantenidas? | F51: Alcanzado
A52: 03 Avanzado | B52: Gestión de Riesgos. Gestión del día a día | D52: Subjetivos | E52: ¿Qué situación motivó la conversación, sobre qué y con quién y qué hiciste? | F52: Alcanzado
A53: 03 Avanzado | B53: Gestión de Riesgos. Gestión del día a día | D53: Subjetivos | E53: ¿Cuál fue el ultimo reconocimiento positivo? | F53: Alcanzado
A54: 03 Avanzado | B54: Gestión de Riesgos. Gestión del día a día | D54: Objetivos | E54: Comprobar 2 obras abiertas Condiciones de Trabajo y en caso de existir permiso de trabajo/bloqueo verificar que todo está correcto | F54: Alcanzado
A55: 04 Experto | B55: Gestión de Riesgos. Gestión del día a día | C55: Da visibilidad a la importancia de la gestión diaria de riesgos, incorporando en su agenda diaria acciones tales como la explicación y puesta en común de permisos, bloqueos y procedimientos de tarea, asegurando un adecuado traspaso de información en los cambios de turno, la presencia de Recursos Preventivos y la asignación de tareas a personal con el nivel de competencia adecuado. Planifica tiempo diario específico para visitar, realizar comprobaciones y dar soporte sobre los aspectos mencionados tanto en su UAP como en el resto del centro. | D55: Subjetivos | E55: ¿Cómo gestionas durante campaña aquellas incidencias en proceso que puedan tener consecuencias en Seguridad y Salud? | F55: Alcanzado
A56: 04 Experto | B56: Gestión de Riesgos. Gestión del día a día | D56: Subjetivos | E56: En tus últimas vueltas por fábrica qué situaciones de riesgo has identificado fuera de tu UAP y qué has hecho | F56: Alcanzado
A57: 04 Experto | B57: Gestión de Riesgos. Gestión del día a día | D57: Objetivos | E57: Seleccionar a un trabajador de la UAP durante la visita a una de las obras seleccionadas y comprobar que han existido conversaciones de seguridad, (el Rble UAP le ha preguntado por qué ejecuta la tarea de esta forma, conoce los riesgos y la consecuencias de lo que hace, conoce como notificar un riesgo o una idea de mejora o le han reconocido por su comportamiento seguro) | F57: Alcanzado
A58: 01 Inicial | B58: Gestión del Cambio | C58: Conoce y explica a su equipo el protocolo de Gestión del Cambio en Equipos e Instalaciones (Ingeniería y/o Mantenimiento) | D58: Subjetivos | E58: ¿En qué consiste el Procedimiento Gestión del Cambio? | F58: Parcialmente Alcanzado
A59: 01 Inicial | B59: Gestión del Cambio | D59: Objetivos | E59: Seleccionar 3 personas de la UAP y comprobar conocimiento sobre el procedimiento de Gestión del Cambio | F59: Alcanzado
A60: 02 Básico | B60: Gestión del Cambio | C60: Explica a su equipo el protocolo de Gestión del Cambio en Equipos e Instalaciones (Ingeniería y/o Mantenimiento), haciendo hincapié en el posible impacto en SyP que puede suponer un cambio en un equipo, instalación, proceso, rutinas de limipieza, etc. Lleva a cabo el análisis de impacto en seguridad, higiene y ergonomía y planifica en su caso la adopción de medidas preventivas. | D60: Subjetivos | E60: ¿Cuándo lo aplicas? (Indicar algún ejemplo/s) | F60: Alcanzado
A61: 02 Básico | B61: Gestión del Cambio | D61: Subjetivos | E61: ¿Cómo queda constancia? (Especificar tanto para ingeniería como para mantenimiento) | F61: Alcanzado
A62: 02 Básico | B62: Gestión del Cambio | D62: Objetivos | E62: Seleccionar 1 obra/mantenimiento en su UAP y comprobar que se ha realizado en el ánalisis de impacto y las medidas de mitigación | F62: Parcialmente Alcanzado
A63: 03 Avanzado | B63: Gestión del Cambio | C63: De manera frecuente habla con su equipo sobre Gestión del Cambio, instando y reconociendo positivamente que le comuniquen cualquier modificación; se anticipa dando el soporte necesario para que se analice su impacto en términos de seguridad y salud, y se adopten las medidas necesarias de manera previa. En los procesos de cambios organizativos tales como asignación a su UAP/UiT/Departamento de nuevas zonas, equipos, tareas o personas, comunica a su Responsable las medidas especificas propuestas para mitigar dicho cambio y para que el cambio se lleve a cabo de la manera más exitosa posible. | D63: Subjetivos | E63: ¿Qué aspectos de SyP tienes en cuenta para asignar tareas a las personas de tu equipo? | F63: Parcialmente Alcanzado
A64: 03 Avanzado | B64: Gestión del Cambio | D64: Subjetivos | E64: Una vez ejecutado un trabajo, ¿Te han comunicado algún posible impacto en gestión del cambio? (Por ej. la actualización de una ficha LOTO, de un procedimiento de tarea, adecuación 1215, realización de una orden de mantenimiento, etc)? | F64: No Alcanzado
A65: 04 Experto | B65: Gestión del Cambio | C65: Sensibiliza, e insta a su equipo, a otros RUAP/UiT o superiores jerárquicos para que analicen el posible impacto en SyP de cualquier proyecto, cambio organizativo, intervención de mantenimiento o procesos que implican cambios relevantes (personas, instalaciones, equipos, proceso, productos o materias primas...) Comparte su conocimiento, colaborando de manera proactiva con otros en el análisis de SyP, en la definición y difusión de medidas específicas para mitigar dicho cambio, haciendo seguimiento periódico y asegurándose de su correcta y exitosa implantación. | D65: Subjetivos | E65: Indica una inicitiva o propuesta que hayas hecho ¿Cómo has liderado y gestionado la gestión del cambio? | F65: No Alcanzado
A66: 04 Experto | B66: Gestión del Cambio | D66: Subjetivos | E66: Indica que acciones estas llevando a cabo con otros para promover la Gestión del Cambio | F66: Alcanzado
A67: 04 Experto | B67: Gestión del Cambio | D67: Objetivos | E67: Seleccionar 1 obra/mantenimiento fuera de su UAP y comprobar que ha participado en el ánalisis de impacto y en las medidas de mitigación | F67: Alcanzado
A68: 01 Inicial | B68: Incidentes a personas o instalaciones | C68: Comunica los accidentes del personal a su cargo e incidentes importantes en su UAP/turno, informando de la situación de las personas, una breve descripción de lo ocurrido. | D68: Subjetivos | E68: En caso de accidente e incidente ¿Qué tienes que hacer? | F68: Alcanzado
A69: 01 Inicial | B69: Incidentes a personas o instalaciones | D69: Objetivos | E69: Puntuación de participación del mando el investigación | F69: Alcanzado
A70: 02 Básico | B70: Incidentes a personas o instalaciones | C70: Comunica y registra en el sistema los accidentes del personal a su cargo e incidentes importantes en su UAP/turno para asegurar que estos se investiguen; informando de la situación de las personas, una breve descripción de lo ocurrido y de las medidas inmediatas que se han adoptado. | D70: Subjetivos | E70: ¿Cómo y con quien compartes los accidentes/incidentes? | F70: Alcanzado
A71: 02 Básico | B71: Incidentes a personas o instalaciones | D71: Objetivos | E71: Existen acciones abiertas autogestionables que deriven de un Accidente con lesión ocurrido en los ultimos 3 meses (Valoración 0 para acciones abiertas que no se han cerrado en 1.5 meses desde la fecha del accidente) | F71: Alcanzado
A72: 03 Avanzado | B72: Incidentes a personas o instalaciones | C72: Comunica y registra dentro del turno los accidentes del personal a su cargo e incidentes importantes. Participa y promueve involucrar al personal implicado en la investigación y en la propuesta de acciones correctoras, reconociendo su participación y fomentado una cultura de trato justo. Comparte regularmente y en distintos foros (TOP, Cambio de Turno, RLean...) la información de accidentes/incidentes del centro, otras fábricas o empresas del grupo, generando un diálogo focalizado en las causas raíz detectadas y en el aprendizaje. | D72: Subjetivos | E72: ¿Qué información compartes sobre un accidente/incidentes? (Descripción, causas, medidas, medidas a copiar de otro centro etc) | F72: Alcanzado
A73: 03 Avanzado | B73: Incidentes a personas o instalaciones | D73: Subjetivos | E73: Además del registro inmediato en SAP ¿De qué otra forma participas en la investigación de accidentes/incidentes? | F73: Alcanzado
A74: 03 Avanzado | B74: Incidentes a personas o instalaciones | D74: Objetivos | E74: KPI 360.- traspaso de información por encima de 6,5 y seleccionar a 2 personas del equipo y que faciliten la información deaccidentes/incidentes del mes (causas y aprendizajes) | F74: Alcanzado
A75: 04 Experto | B75: Incidentes a personas o instalaciones | C75: Comunica y participa activamente en la investigación de accidentes e incidentes, con un enfoque centrado en la identificación de causas raíz, en la definición e implantación de acciones correctoras y en una cultura de aprendizaje y trato justo. Comparte regularmente y en distintos foros la información de accidentes/incidentes de otras fábricas o empresas del grupo, generando un diálogo sobre las causas raíz detectadas y promoviendo que se repliquen aquellas acciones correctoras/lecciones aprendidas que pueden evitar un riesgo o suponer una mejora. | D75: Subjetivos | E75: ¿Qué acciones de otros centros derivadas de AT has implementado? | F75: Alcanzado
A76: 04 Experto | B76: Incidentes a personas o instalaciones | D76: Subjetivos | E76: ¿En cuantos GRPs has participado este año? Y explicación breve | F76: Alcanzado
A77: 04 Experto | B77: Incidentes a personas o instalaciones | D77: Objetivos | E77: Tener 3 acciones planificadas/implementadas de un AT de otro centro | F77: Alcanzado
A85: inicial | B85: =SUMIF(A:A,"01 Inicial",#REF!) -> #REF!
A86: basico | B86: =SUMIF(A:A,"02 Básico",#REF!) -> #REF!
A87: avanzado | B87: =SUMIF(A:A,"03 Avanzado",#REF!) -> #REF!
A88: experto | B88: =SUMIF(A:A,"04 Experto",#REF!) -> #REF!
B89: =SUBTOTAL(9,B85:B88) -> #REF!
A92: inicial | B92: =SUMIF(A:A,"01 Inicial",(#REF!)) -> #REF!
A93: basico | B93: =SUMIF(A:A,"02 Básico",(#REF!)) -> #REF!
A94: avanzado | B94: =SUMIF(A:A,"03 Avanzado",(#REF!)) -> #REF!
A95: experto | B95: =SUMIF(A:A,"04 Experto",(#REF!)) -> #REF!
B96: =SUM(B92:B95) -> #REF!

Sheet Metodología 
C1: DEFINICIÓN | D1: ¿CÓMO SE CALCULA? | E1: OTROS ASPECTOS A CONSIDERAR
A2: NIVEL DE COMPETENCIA (NC) | B2: NC REAL | C2: Corresponde al nivel de competencia obtenida en un pilar tras la evaluación de ítems subjetivos y objetivos definidos. (4 Niveles de Compentencia: Inicial, Básico, Avanzado, Experto) Un nivel (ej. Inicial) se entiende adquirido cuando al hacer la evaluación del pilar (ej. contratas), la puntuación del total de ítems que lo componen es: ≥ 80% si el empleado tiene una antigüedad en el puesto <3 años ≥ 95% si el empleado tiene una antigüedad en el puesto >3 años El nivel de competencia real, no considerará el resto de ítems definidos en un nivel de competencia superior, si en el inmediatamente anterior no se ha conseguido los mínimos de puntuación fijados para pasar al siguiente nivel (≥ 80% si <3 años y ≥ 95% si >3 años) | D2: Para cada existen las siguientes opciones y puntuaciones asignadas: - No Alcanzado = 0 puntos - Parcialmente Alcanzado = 2 puntos - Totalmente Alcanzado = 5 puntos Ej. Pilar - Contratas; Nivel Inicial => 4 ítems a evaluar Máxima puntuación posible = 20 puntos Empleado con <3 años de antigüedad; se considera adquirido si ≥ 80% ( ≥ 16 puntos) Empleado con >3 años de antigüedad; se considera adquirido si ≥ 95% ( ≥ 19 puntos) | E2: La herramienta debe además de permitir la evaluación debe: 1. Permitir incorporar un Plan de Acción para cada persona y en cada pilar. (acción y seguimiento) 2. Permitir la extracción y visualización de informes: - Persona / Pilares / Nivel Real/ Nivel Esperado / Potencial - Agrupados por Área; Centro; Coletivo;/ Pilares / Nivel Real/ Esperado / Potencial - Análisis de situación por Pilares - Análisis respecto a Potencial
B3: NC ESPERADO | C3: Dado que las expectativas se han definido de manera específica para cada colectivo, el nivel de Competencia Esperado en cada pilar y para todos los colectivos es: Avanzado | D3: No requiere cálculo
B4: NC POTENCIAL | C4: Corresponde al nivel de competencia que habilita a una persona a promocionar a un puesto superior, a ocupar un nuevo puesto en su mismos nivel y/o asumir nuevas funciones/tareas dentro de su puesto. De acuerdo con el Área de Personas, existen los siguientes perfiles de potencial. - No evaluable: Lleva menos de 6 meses en la posición - Estático: Sin posibilidad de crecimiento y/o adquirir nuevas funciones o tareas. - Lateral: Tiene la capacidad de asumir un puesto lateral. - Promocionable: Puede asumir un puesto de mayor responsabilidad. - Potencial Alto: Puede crecer 2 posiciones hacia arriba Para fijar el Potencial, se tendrán en cuenta los criterios de puntuación y antigüedad marcados para la consecución de un nivel (≥ 80% si <3 años y ≥ 95% si >3 años) | D4: Estático: Si ≤ 60% Pilares por debajo de nivel Avanzado Lateral: Si ≥ 60% Pilares en nivel Avanzado. Promocionable: Si 100% Pilares en nivel Avanzado. Potencial Alto: Si 100% pilares en nivel Experto

Sheet Inf.Trabj 1 (2)
A3: Nombre | B3: =+'Evaluación SyP'!E1 -> Pepe Pérez | E3: Colectivo | F3: =+'Evaluación SyP'!F1 -> Línea de Mando
A4: Puesto | B4: =+'Evaluación SyP'!E2 -> Jefe de Turno | E4: Centro | F4: =+'Evaluación SyP'!F3 -> 22
A5: Dpto/Área | B5: =+'Evaluación SyP'!E3 -> Operaciones | E5: UAP | F5: =+'Evaluación SyP'!F5 -> Mto1
A6: Evaluador | B6: =+'Evaluación SyP'!E4 -> Ada Fanjul | E6: Fecha | F6: =+'Evaluación SyP'!E5 -> 45597
A7: Antigüedad | B7: =+'Evaluación SyP'!E6 -> 5
C10: Puntuación mínima | G10: Puntuación Obtenida | K10: Nivel
C11: Inicial | D11: Básico | E11: Avanzado | F11: Experto | G11: Inicial | H11: Básico | I11: Avanzado | J11: Experto | K11: Real | L11: Esperado | M11: Potencial
A12: Evaluación Desempeño SyP | B12: Estrategia
B13: Contratas
B14: Gestión de Riesgos Plan de Acción
B15: Gestión de Riesgos dia a dia
B16: Gestión del Cambio
B17: Incidentes
B18: Global
A21: Evaluación de Desempeño SyP
A22: Real | B22: =+K18 -> 0
A23: Esperado | B23: =+L19 -> 0
A24: Potencial | B24: =+M18 -> 0
A26: Plan de Acción
A28: Acciones a seguir para la mejora de competencias en SyP
A29: Pilar a trabajar | B29: Acción Concreta | E29: Fecha Inicio | G29: Fecha Sgto. | I29: Observaciones
A38: Observaciones

Sheet Informe Global
H1: ESTRATEGIA | J1: CONTRATAS | L1: GEST. RIESGOS-PLAN ACCIÓN | N1: GEST. RIESGOS - DÍA A DÍA | P1: GESTIÓN DEL CAMBIO | R1: INCIDENTES
H2: NC Real | I2: NC Esperado | J2: NC Real | K2: NC Esperado | L2: NC Real | M2: NC Esperado | N2: NC Real | O2: NC Esperado | P2: NC Real | Q2: NC Esperado | R2: NC Real | S2: NC Esperado | T2: Status Global | U2: NC Potencial
A3: ID Empleado | B3: Nombre | C3: Centro | D3: Puesto | E3: Área/Dpto | F3: UAP | G3: Colectivo | I3: AVANZADO | K3: AVANZADO | M3: AVANZADO | O3: AVANZADO | Q3: AVANZADO | S3: AVANZADO
I4: AVANZADO | K4: AVANZADO | M4: AVANZADO | O4: AVANZADO | Q4: AVANZADO | S4: AVANZADO
I5: AVANZADO | K5: AVANZADO | M5: AVANZADO | O5: AVANZADO | Q5: AVANZADO | S5: AVANZADO
I6: AVANZADO | K6: AVANZADO | M6: AVANZADO | O6: AVANZADO | Q6: AVANZADO | S6: AVANZADO
I7: AVANZADO | K7: AVANZADO | M7: AVANZADO | O7: AVANZADO | Q7: AVANZADO | S7: AVANZADO
I8: AVANZADO | K8: AVANZADO | M8: AVANZADO | O8: AVANZADO | Q8: AVANZADO | S8: AVANZADO
I9: AVANZADO | K9: AVANZADO | M9: AVANZADO | O9: AVANZADO | Q9: AVANZADO | S9: AVANZADO
I10: AVANZADO | K10: AVANZADO | M10: AVANZADO | O10: AVANZADO | Q10: AVANZADO | S10: AVANZADO
I11: AVANZADO | K11: AVANZADO | M11: AVANZADO | O11: AVANZADO | Q11: AVANZADO | S11: AVANZADO

Sheet Listas cerradas
A1: Potencial | B1: Desempeño | E1: Plan de Acción | H1: Respuestas
A2: BAJO | B2: BAJO | C2: Reconsiderar futuro | E2: Mentoring | H2: Alcanzado
A3: BAJO | B3: MEDIO | C3: Motivarle y ayudar a centrarse | E3: Tutelaje | H3: No Alcanzado
A4: BAJO | B4: ALTO | C4: Muy valioso pero no promocionable | E4: Form. Técnica | H4: Parcialmente Alcanzado
A5: MEDIO | B5: BAJO | C5: Entrenamiento para mejorar en rol actual | E5: Supervisión
A6: MEDIO | B6: MEDIO | C6: Seguir creciendo en rol actual | E6: Plan de Carrera
A7: MEDIO | B7: ALTO | C7: Motivarle. Líder emergente | E7: Promoción
A8: ALTO | B8: BAJO | C8: Talento mal ubicado. Investigar, Entrenamiento y ayuda | E8: Form.Relacional
A9: ALTO | B9: MEDIO | C9: listo para nuevas oportunidades .Desarrollo puesto actual
A10: ALTO | B10: ALTO | C10: futuro líder. Listo para promoción
